{
    "He": {
        "name": "He",
        "alpha_iso": 1.2843095048497901,
        "alpha_tensor": [
            [
                1.2843095048491777,
                -5.590481675773277e-13,
                1.7157436793681836e-16
            ],
            [
                2.0248122306697086e-13,
                1.284309504851962,
                6.955946837527073e-16
            ],
            [
                -1.6532692969418167e-13,
                -5.145972149037243e-13,
                1.2843095048482314
            ]
        ],
        "elec_r2": 1.1970929595387407,
        "V_Bohr": 4.1887902047863905,
        "x": 3.261511488444759
    },
    "Ne": {
        "name": "Ne",
        "alpha_iso": 1.8067610061117947,
        "alpha_tensor": [
            [
                1.8067610061127577,
                -1.1907446172510099e-12,
                1.8601019913797514e-12
            ],
            [
                8.782516276232274e-13,
                1.8067610061111101,
                -2.9471926245147535e-12
            ],
            [
                -2.3808133391727585e-12,
                -2.321587046141675e-12,
                1.8067610061115162
            ]
        ],
        "elec_r2": 0.9450636248684778,
        "V_Bohr": 4.1887902047863905,
        "x": 2.3183975028334247
    },
    "Xe": {
        "name": "Xe",
        "alpha_iso": 20.315915988917954,
        "alpha_tensor": [
            [
                20.31591598891138,
                -2.572579493438209e-12,
                2.743781614759194e-11
            ],
            [
                1.577749471198024e-11,
                20.315915988944063,
                -5.6118847040516026e-11
            ],
            [
                8.659153360717962e-12,
                9.439654302481174e-12,
                20.31591598889842
            ]
        ],
        "elec_r2": 2.273336314838554,
        "V_Bohr": 4.1887902047863905,
        "x": 0.20618268982168053
    },
    "H2O": {
        "name": "H2O",
        "alpha_iso": 8.06094605535216,
        "alpha_tensor": [
            [
                7.251458875505302,
                4.77048955893622e-13,
                -7.771561172376096e-12
            ],
            [
                -6.201369240503266e-12,
                8.99311103730645,
                -1.1102230246251565e-11
            ],
            [
                3.639874226806919e-11,
                1.4389531233227615e-11,
                7.938268253244729
            ]
        ],
        "elec_r2": 1.9686485135128173,
        "V_Bohr": 4.1887902047863905,
        "x": 0.519640024387112
    },
    "Benzene": {
        "name": "Benzene",
        "alpha_iso": 68.57589443117027,
        "alpha_tensor": [
            [
                79.98735341106062,
                -7.20431093254037e-09,
                1.5047406120031608e-13
            ],
            [
                9.351338605377568e-10,
                79.98888372274915,
                -3.3288643190597277e-13
            ],
            [
                -4.838074656610819e-09,
                -3.74304523465506e-09,
                45.75144615970103
            ]
        ],
        "elec_r2": 11.028591088917233,
        "V_Bohr": 4.1887902047863905,
        "x": 0.061082545689443185
    }
}