{
    "He": {
        "name": "He",
        "alpha_iso": -1.2843095048482533,
        "alpha_tensor": [
            [
                -1.2843095048482531,
                0.0,
                0.0
            ],
            [
                0.0,
                -1.284309504848253,
                -1.405847805400227e-32
            ],
            [
                0.0,
                0.0,
                -1.284309504848254
            ]
        ],
        "elec_r2": 1.1970929595387398,
        "V_Bohr": 4.1887902047863905,
        "x": 3.2615114884486616
    },
    "Ne": {
        "name": "Ne",
        "alpha_iso": -1.806761006112166,
        "alpha_tensor": [
            [
                -1.8067610061122386,
                3.530922966473364e-13,
                1.2765677142915822e-14
            ],
            [
                -5.2894381737365405e-12,
                -1.8067610061124058,
                -3.476791429505105e-12
            ],
            [
                2.056923497812009e-12,
                -2.301238427705057e-13,
                -1.8067610061118544
            ]
        ],
        "elec_r2": 0.9450636248684768,
        "V_Bohr": 4.1887902047863905,
        "x": 2.318397502832948
    },
    "Xe": {
        "name": "Xe",
        "alpha_iso": -12.903004149166755,
        "alpha_tensor": [
            [
                -12.90300887670914,
                1.0100615683477157e-08,
                2.0420906120838563e-05
            ],
            [
                2.5189691627599924e-07,
                -12.90299746579958,
                1.7628516452359795e-05
            ],
            [
                2.0419296105372124e-05,
                1.7620442106506224e-05,
                -12.903006104991546
            ]
        ],
        "elec_r2": 1.3508294422320446,
        "V_Bohr": 4.1887902047863905,
        "x": 0.32463681762490115
    },
    "H2O": {
        "name": "H2O",
        "alpha_iso": -8.060946055337057,
        "alpha_tensor": [
            [
                -7.251458875517807,
                -4.562322741819003e-12,
                -6.439293542825908e-11
            ],
            [
                -4.8357877747342725e-12,
                -8.993111037261958,
                4.551914400963142e-11
            ],
            [
                6.2003514076666875e-12,
                -5.676882575134101e-12,
                -7.938268253231406
            ]
        ],
        "elec_r2": 1.9686485135128222,
        "V_Bohr": 4.1887902047863905,
        "x": 0.5196400243880855
    },
    "Benzene": {
        "name": "Benzene",
        "alpha_iso": -68.57589442721748,
        "alpha_tensor": [
            [
                -79.98735342004976,
                9.840680157652114e-09,
                1.649071956429227e-11
            ],
            [
                5.984408035346798e-09,
                -79.98888370196242,
                -7.651562084148999e-12
            ],
            [
                -3.9994687652806345e-09,
                -1.4226757244214188e-08,
                -45.75144615964024
            ]
        ],
        "elec_r2": 11.028591088919468,
        "V_Bohr": 4.1887902047863905,
        "x": 0.061082545692964056
    }
}